id_species,name_species,id_photo,slug,common_names_en,common_names_de,common_names_es,common_names_fr,scientific_name,taxonomy,id_category,tags
accipiter-cooperii,Cooper's Hawk,khm-20160320-1704-1458479062,coopers-hawk,Cooper's Hawk,Rundschwanzsperber,Gavilán de Cooper,Épervier de Cooper,Accipiter striatus,Accipitriformes|Accipitridae,birds,"birds, raptors"
accipiter-striatus,Sharp-shinned Hawk,khm-20170820-1409-1503223750,sharp-shinned-hawk,Sharp-shinned Hawk,Eckschwanzsperber,Gavilán americano,Épervier brun,Accipiter cooperi,Accipitriformes|Accipitridae,birds,"birds, raptors"
actitis-macularius,Spotted Sandpiper,khm-20170624-2034-1498322092,spotted-sandpiper,Spotted Sandpiper,Drosseluferläufer,"Andarríos maculado, Playero manchado",Chevalier grivelé,Actitis macularius,Charadriiformes|Scolopacidae,birds,"birds, shorebirds"
agelaius-phoeniceus,Red-winged Blackbird,khm-20170409-2038-1491755923,red-winged-blackbird,Red-winged Blackbird,Rotschulterstärling,Tordo sargento,Carouge à épaulettes,Agelaius phoeniceus,Passeriformes|Icteridae,birds,"birds, blackbird"
aglais-io,European Peacock,khm-20190506-1839-1557153547,european-peacock,European Peacock,Tagpfauenauge,Pavo real,Paon-du-jour,Aglais io,Lepidoptera|Nymphalidae,butterflies,"butterflies, brushfoots"
aix-sponsa,Wood Duck,khm-20131116-1932-1384612352,wood-duck,Wood Duck,Brautente,Pato joyuyo,Canard branchu,Aix sponsa,Anseriformes|Anatidae,birds,"birds, ducks"
anas-americana,American Wigeon,khm-20160417-1923-1460906631,american-wigeon,American Wigeon,Nordamerikanische Pfeifente,Silbón americano,Canard d'Amérique,Anas americana,Anseriformes|Anatidae,birds,"birds, ducks"
anas-carolinensis,Green Winged Teal,khm-20171028-2010-1509207034,green-winged-teal,Green Winged Teal,Amerikanische Krickente,Cerceta americana,Sarcelle à ailes vertes,Anas carolinensis,Anseriformes|Anatidae,birds,"birds, ducks"
anas-platyrhynchos,Mallard,khm-20190316-1714-1552742062,mallard,Mallard,Stockente,"Ánade real, Ánade azulón",Canard colvert,Anas platyrhynchos,Anseriformes|Anatidae,birds,"birds, ducks"
anas-rubripes,American Black Duck,khm-20200522-1452-0000106032,american-black-duck,American Black Duck,Dunkelente,Ánade sombrío,Canard noir,Anas rubripes,Anseriformes|Anatidae,birds,"birds, ducks"
anas-strepera,Gadwall,khm-20170429-1857-1493477820,gadwall,Gadwall,Schnatterente,Ánade friso,Canard chipeau,Anas strepera,Anseriformes|Anatidae,birds,"birds, ducks"
anaxyrus-americanus,American Toad,khm-20220604-1616-0000180440,american-toad,American Toad,Amerikanische Kröte,Sapo americano,Crapaud d'Amérique,Anaxyrus americanus,Anura|Bufonidae,amphibians,"amphibians, toads"
anser-caerulescens,Snow Goose,khm-20181104-2142-1541349729,snow-goose,Snow Goose,Schneegans,Ánsar nival,Oie des neiges,Anser caerulescens,Anseriformes|Anatidae,birds,"birds, geese"
anthus-rubescens,"Buff-bellied Pipit, American Pipit",khm-20180522-1247-1526978852,buff-bellied-pipit,"Buff-bellied Pipit, American Pipit",Pazifischer Wasserpieper,Bisbita norteamericano,Pipit d'Amérique,Anthus rubescens,Passeriformes|Motacillidae,birds,"birds, shorebirds"
archilochus-colubris,Ruby-throated Hummingbird,khm-20170723-1726-1500816406,ruby-throated-hummingbird,Ruby-throated Hummingbird,Rubinkehlkolibri,Colibrí de garganta roja,Colibri à gorge rubis,Archilochus colubris,Apodiformes|Trochilidae,birds,"birds, hummingbirds"
ardea-alba,Great Egret,khm-20160417-1845-1460904313,great-egret,Great Egret,Silberreiher,Garceta grande,Grande Aigrette,Ardea alba,Pelecaniformes|Ardeidae,birds,"birds, heron"
ardea-herodias,Great Blue Heron,khm-20160903-1931-1472916709,great-blue-heron,Great Blue Heron,Kanadareiher,Garza Azulada,Grand Héron,Ardea herodias,Pelecaniformes|Ardeidae,birds,"birds, heron"
balaenoptera-acutorostrata,Northern Minke Whale,khm-20210823-1613-0000102327,northern-minke-whale,Northern Minke Whale,Zwergwal,"Ballena de minke común, Ballena enana","Petit Rorqual, Baleine de Minke",Balaenoptera acutorostrata,Artiodactyla|Cetacea|Balaenopteridae,mammals,"marine mammals, whales"
balaenoptera-physalus,Fin Whale,khm-20210822-1634-0000101670,fin-whale,Fin Whale,Finnwal,"Rorcual común, Ballena de aleta",Rorqual commun,Balaenoptera physalus,Artiodactyla|Cetacea|Balaenopteridae,mammals,"marine mammals, whales"
bombycilla-cedrorum,Cedar Waxwing,khm-20140712-1705-1405170332,cedar-waxwing,Cedar Waxwing,Zedernseidenschwanz,Ampelis americano,Jaseur d'Amérique,Bombycilla cedrorum,Passeriformes|Bombycillidae,birds,"birds, waxwing"
bombycilla-garrulus,Bohemian Waxwing,khm-20150419-1612-1429445528,bohemian-waxwing,Bohemian Waxwing,Seidenschwanz,Ampelis europeo,Jaseur boréal,Bombycilla garrulus,Passeriformes|Bombycillidae,birds,"birds, waxwing"
branta-bernicla,Brant,khm-20180525-1621-1527250907,brant,Brant,Ringelgans,Barnacla carinegra,Bernache cravant,Branta bernicla,Anseriformes|Anatidae,birds,"birds, geese"
branta-canadensis,Canada Goose,khm-20170429-2023-1493483039,canada-goose,Canada Goose,Kanadagans,"Barnacla canadiense, Ganso del Canadá",Bernache du Canada,Branta canadensis,Anseriformes|Anatidae,birds,"birds, geese"
bucephala-albeola,Bufflehead,khm-20170414-2023-1492187036,bufflehead,Bufflehead,Büffelkopfente,Porrón coronado,Petit Garrot,Bucephala albeola,Anseriformes|Anatidae,birds,"birds, ducks"
bucephala-clangula,Common Goldeneye,khm-20160201-2019-1454339959,common-goldeneye,Common Goldeneye,Schellente,Porrón osculado,Garrot à œil d'or,Bucephala clangula,Anseriformes|Anatidae,birds,"birds, ducks"
buteo-lineatus,Red-shouldered Hawk,khm-20160322-1322-1458638577,red-shouldered-hawk,Red-shouldered Hawk,Rotschulterbussard,Busardo hombrorrojo,Buse à épaulettes,Buteo lineatus,Accipitriformes|Accipitridae,birds,"birds, raptors"
butorides-virescens,Green Heron,khm-20170626-1454-1498474477,green-heron,Green Heron,Grünreiher,Garcita verdosa,Héron vert,Butorides virescens,Pelecaniformes|Ardeidae,birds,"birds, heron"
calidris-minutilla,Least Sandpiper,khm-20180522-1231-1526977905,least-sandpiper,Least Sandpiper,Wiesenstrandläufer,"Correlimos enano, Menudilla, Becacina, Tinguís, Patudo, C​hichicuilote",Bécasseau minuscule,Calidris minutilla,Charadriiformes|Scolopacidae,birds,"birds, shorebirds"
calidris-pusilla,Semipalmated Sandpiper,khm-20170814-1422-1502706176,semipalmated-sandpiper,Semipalmated Sandpiper,Sandstrandläufer,Correlimos semipalmeado,Bécasseau semipalmé,Calidris pusilla,Charadriiformes|Scolopacidae,birds,"birds, shorebirds"
canis-latrans,Coyote,khm-20170722-1810-1500732623,coyote,Coyote,Kojote,Coyote,Coyote,Canis latrans,Carnivora|Canidae,mammals,"mammals, canines"
cardinalis-cardinalis,Northern Cardinal,khm-20170520-1940-1495294850,northern-cardinal,Northern Cardinal,"Rotkardinal, Rote Kardinal","Cardenal norteño, Cardenal rojo",Cardinal rouge,Cardinalis cardinalis,Passeriformes|Cardinalidae,birds,"birds, cardinals"
castor-canadensis,North American Beaver,khm-20150418-2132-1429378334,north-american-beaver,North American Beaver,Kanadischer Biber,Castor Canadensis,Castor du Canada,Castor canadensis,Rodentia|Castoridae,mammals,"mammals, rodents"
cathartes-aura,Turkey Vulture,khm-20190714-1946-1563119185,turkey-vulture,Turkey Vulture,Truthahngeier,Urubú de cabeza roja,Urubu à tête rouge,Cathartes aura,Cathartiformes|Cathartidae,birds,"birds, raptor"
catharus-ustulatus,"Swainson's Thrush, Olive-backed thrush",khm-20180522-1114-1526973276,swainsons-thrush,"Swainson's Thrush, Olive-backed thrush",Zwergdrossel,Zorzalito de Swainson,Grive à dos olive,Catharus ustulatus,Passeriformes|Turdidae,birds,"birds, thrushes"
charadrius-vociferus,Killdeer,khm-20170624-1859-1498316394,killdeer,Killdeer,Keilschwanz-Regenpfeifer,"Chorlo gritón, Chorlitejo colirrojo",Pluvier kildir,Charadrius vociferus,Charadriiformes|Charadriidae,birds,"birds, shorebirds"
chelydra-serpentina,Common Snapping Turtle,khm-20170429-2044-1493484289,common-snapping-turtle,Common Snapping Turtle,Schnappschildkröte,Tortuga mordedora,Tortue serpentine,Chelydra serpentina,Testudines|Chelydridae,turtles,turtles
chrysemys-picta,Painted Turtle,khm-20220730-1715-0000182560,painted-turtle,Painted Turtle,Zierschildkröte,Tortuga pintada,Tortue peinte,Chrysemys picta,Testudines|Emydidae,turtles,turtles
clangula-hyemalis,Long-tailed Duck,khm-20180523-1753-1527083636,long-tailed-duck,Long-tailed Duck,Eisente,Pato havelda,Harelde kakawi,Clangula hyemalis,Anseriformes|Anatidae,birds,"birds, ducks"
colaptes-auratus,Northern Flicker,khm-20190511-1308-1557565702,northern-flicker,Northern Flicker,Goldspecht,Carpintero escapulario,Pic flamboyant,Colaptes auratus,Piciformes|Picidae,birds,"birds, woodpeckers"
corvus-brachyrhynchos,American Crow,khm-20170429-2027-1493483253,american-crow,American Crow,Amerikanerkrähe,Cuervo americano,Corneille d'Amérique,Corvus brachyrhynchos,Passeriformes|Corvidae,birds,"birds, corvids"
cyanocitta-cristata,Blue Jay,khm-20180818-1440-1534588806,blue-jay,Blue Jay,Blauhäher,"Arrendajo azul, Urraca azul",Geai bleu,Cyanocitta cristata,Passeriformes|Corvidae,birds,"birds, corvids"
danaus-plexippus,Monarch Butterfly,khm-20190804-1609-1564920579,monarch-butterfly,Monarch Butterfly,Monarchfalter,Monarca,Monarque,Danaus plexippus,Lepidoptera|Nymphalidae,butterflies,"butterflies, monarch"
delphinapterus-leucas,Beluga Whale,khm-20180523-1709-1527080983,beluga-whale,Beluga Whale,Weißwal,Beluga,Béluga,Delphinapterus leucas,Artiodactyla|Cetacea|Monodontidae,mammals,"marine mammals, whales"
dryocopus-pileatus,Pileated Woodpecker,khm-20160306-1903-1457273019,pileated-woodpecker,Pileated Woodpecker,Helmspecht,"Picamaderos norteamericano, Pito crestado",Grand Pic,Dryocopus pileatus,Piciformes|Picidae,birds,"birds, woodpeckers"
dumetella-carolinensis,Gray Catbird,khm-20170527-1844-1495896248,gray-catbird,Gray Catbird,Katzendrossel,Mímido gris,Moqueur chat,Dumetella carolinensis,Passeriformes|Mimidae,birds,"birds, mocking bird"
eremophila-alpestris,Horned Lark,khm-20180525-1639-1527251992,horned-lark,Horned Lark,Ohrenlerche,Alondra cornuda,Alouette hausse-col,Eremophila alpestris,Passeriformes|Alaudidae,birds,"birds, larks"
erethizon-dorsatum,North-American Porcupine,khm-20180520-1549-1526816975,north-american-porcupine,North-American Porcupine,"Baumstachelschwein, Urson","Puercoespín norteamericano, Ursón",Porc-épic d'Amérique,Erethizon dorsatum,Rodentia|Erethizontidae|Erethizontinae,mammals,"mammals, rodents"
falco-columbarius,Merlin Falcon,khm-20201207-1517-0000104660,merlin-falcon,Merlin Falcon,Merlin,Esmerejón,Faucon émerillon,Falco columbarius,Falconiformes|Falconidae,birds,"birds, raptor"
falco-peregrinus,Peregrine Falcon,khm-20170402-2136-1491154575,peregrine-falcon,Peregrine Falcon,Wanderfalke,Halcón peregrino,Faucon pèlerin,Falco peregrinus,Falconiformes|Falconidae,birds,"birds, raptor"
gallinula-chloropus,Common moorhen,khm-20170527-1542-1495885351,common-moorhen,Common moorhen,Teichralle,"Gallineta común, Polla de agua",Gallinule poule-d'eau,Gallinula chloropus,Gruiformes|Rallidae,birds,"birds, hen-like"
gavia-immer,Common Loon,khm-20181104-1931-1541341902,common-loon,Common Loon,Eistaucher,Colimbo grande,Plongeon huard,Gavia immer,Gaviiformes|Gaviidae,birds,"birds, loon"
geothlypis-trichas,Common Yellowthroat,khm-20170610-1401-1497088875,common-yellowthroat,Common Yellowthroat,Weiden-Gelbkehlchen,Mascarita común,Paruline masquée,Geothlypis trichas,Passeriformes|Parulidae,birds,"birds, yellowthroat"
graptemys-geographica,Northern Map Turtle,khm-20170429-1919-1493479158,northern-map-turtle,Northern Map Turtle,Landkarten-Höckerschildkröte,Tortuga mapa del norte,Tortue géographique,Graptemys geographica,Testudines|Emydidae,turtles,turtles
haemorhous-mexicanus,House Finch,khm-20140302-2054-1393775686,house-finch,House Finch,Hausgimpel,"Camachuelo mexicano, Pinzón mexicano, Carpodaco doméstico","Roselin familier, Roselin du Mexique",Haemorhous mexicanus,Passeriformes|Fringillidae,birds,"birds, finches"
haemorhous-purpureus,Purple Finch,khm-20170722-1720-1500729647,purple-finch,Purple Finch,Purpurgimpel,Camachuelo purpúreo,Roselin pourpré,Haemorhous purpureus,Passeriformes|Fringillidae,birds,"birds, finches"
haliaeetus-leucocephalus,Bald Eagle,khm-20170812-1940-1502552448,bald-eagle,Bald Eagle,Weißkopfseeadler,Águila calva,Pygargue à tête blanche,Haliaeetus leucocephalus,Accipitriformes|Accipitridae,birds,"birds, raptors"
halichoerus-grypus,Grey Seal,khm-20210820-1313-0000100930,grey-seal,Grey Seal,Kegelrobbe,Foca Gris,Phoque Gris,Halichoerus grypus,Carnivora|Phocidae,mammals,"marine mammals, seals"
hydroprogne-caspia,Caspian Tern,khm-20180811-2042-1534005745,caspian-tern,Caspian Tern,Raubseeschwalbe,Pagaza piquirroja,Sterne caspienne,Hydroprogne caspia,Charadriiformes|Laridae,birds,"birds, shorebirds"
icterus-galbula,Baltimore Oriole,khm-20160514-1628-1463228915,baltimore-oriole,Baltimore Oriole,Baltimoretrupial,Oropéndola de Baltimore,Oriole de Baltimore,Icterus galbula,Passeriformes|Icteridae,birds,"birds, oriole"
junco-hyemalis,Dark-eyed Junco,khm-20210826-1421-0000103999,dark-eyed-junco,Dark-eyed Junco,Winterammer,Junco ojioscuro,Junco ardoisé,Junco hyemalis,Passeriformes|Passerellidae,birds,"birds, junco"
larus-argentatus,Herring Gull,khm-20180331-2000-1522512040,herring-gull,Herring Gull,"Amerikanische Silbermöwe, Kanadamöwe",Gaviota argéntea,Goéland argenté,Larus argentatus,Charadriiformes|Laridae,birds,"birds, gulls"
larus-delawarensis,Ring-billed Gull,khm-20150503-2031-1430670690,ring-billed-gull,Ring-billed Gull,Ringschnabelmöwe,Gaviota de Delaware,Goéland à bec cerclé,Larus delawarensis,Charadriiformes|Laridae,birds,"birds, gulls"
larus-marinus,Great Black-backed Gull,khm-20161015-1718-1476537495,great-black-backed-gull,Great Black-backed Gull,Mantelmöwe,Gavión atlántico,Goéland marin,Larus marinus,Charadriiformes|Laridae,birds,"birds, gulls"
lepus-americanus,Snowshoe Hare,khm-20210821-1921-0000101350,snowshoe-hare,Snowshoe Hare,Schneeschuhhase,Liebre americana,"Lièvre d'Amérique, Lièvre variable, Lièvre à raquettes",Lepus americanus,Lagomorpha|Leporidae,mammals,"mammals, rodents"
limenitis-arthemis,White Admiral,khm-20180818-1612-1534594327,white-admiral,White Admiral,Limenitis arthemis,Limenitis arthemis,Amiral,Limenitis arthemis,Lepidoptera|Nymphalidae,butterflies,"butterflies, brush-footed"
lithobates-clamitans,Green Frog,khm-20220524-1546-0000179581,green-frog,Green Frog,Grüner Frosch,Rana verde,Grenouille verte,Lithobates clamitans,Anura|Ranidae,amphibians,"amphibians, frogs"
lithobates-pipiens,Northern Leopard Frog,khm-20140907-1713-1410095637,northern-leopard-frog,Northern Leopard Frog,Leopardfrosch,Rana leopardo,Grenouille léopard,Lithobates pipiens,Anura|Ranidae,amphibians,"amphibians, frogs"
lithobates-sylvaticus,Wood Frog,khm-20150419-1909-1429456177,wood-frog,Wood Frog,Waldfrosch,Rana de bosque,Grenouille des bois,Lithobates sylvaticus,Anura|Ranidae,amphibians,"amphibians, frogs"
lophodytes-cucullatus,Hooded Merganser,khm-20170305-2128-1488731325,hooded-merganser,Hooded Merganser,Kappensäger,"Serreta capuchona, Pato de Cresta",Harle couronné,Lophodytes cucullatus,Anseriformes|Anatidae,birds,"birds, ducks"
marmota-monax,Groundhog,khm-20140711-2004-1405094686,groundhog,Groundhog,Waldmurmeltier,Marmota canadiense,Marmotte commune,Marmota monax,Rodentia|Sciuridae,mammals,"mammals, rodents"
megaceryle-alcyon,Belted Kingfisher,khm-20180923-1653-1537707211,belted-kingfisher,Belted Kingfisher,Gürtelfischer,Martín gigante norteamericano,Martin-pêcheur d'Amérique,Megaceryle alcyon,Coraciiformes|Alcedinidae,birds,"birds, kingfisher"
megaptera-novaeangliae,Humpback Whale,khm-20210823-1247-0000104596,humpback-whale,Humpback Whale,Buckelwal,Gubarta,Baleine à Bosse,Megaptera novaeangliae,Artiodactyla|Cetacea|Balaenopteridae,mammals,"marine mammals, whales"
megascops-asio,Eastern Screech-Owl,khm-20160313-1648-1457873333,eastern-screech-owl,Eastern Screech-Owl,Ost-Kreischeule,Autillo yanqui,Petit-duc Maculé,Megascops asio,Strigiformes|Strigidae,birds,"birds, raptors"
melanitta-americana,"Black Scoter, American Scoter",khm-20180520-1904-1526828684,black-scoter,"Black Scoter, American Scoter",Melanitta americana,Negrón americano,"Macreuse noire, Macreuse américaine",Melanitta americana,Anseriformes|Anatidae,birds,"birds, ducks"
melanitta-perspicillata,Surf Scoter,khm-20180521-1746-1526910392,surf-scoter,Surf Scoter,Brillenente,Negrón costero,"Macreuse à front blanc, Macreuse à lunettes",Melanitta perspicillata,Anseriformes|Anatidae,birds,"birds, ducks"
meleagris-gallopavo,Wild Turkey,khm-20220305-1637-0000177070,wild-turkey,Wild Turkey,Truthuhn,Pavo Salvaje,Dindon Sauvage,Meleagris gallopavo,Galliformes|Phasianidae,birds,"birds, hen-like"
melospiza-melodia,Song Sparrow,khm-20160417-1934-1460907274,song-sparrow,Song Sparrow,Singammer,Gorrión melódico,Bruant chanteur,Melospiza melodia,Passeriformes|Passerellidae,birds,"birds, sparrows"
mergus-merganser,Common merganser,khm-20160319-1621-1458390099,common-merganser,Common merganser,Gänsesäger,Serreta grande,Harle bièvre,Mergus merganser,Anseriformes|Anatidae,birds,"birds, ducks"
mergus-serrator,Red-breasted merganser,khm-20160417-1844-1460904290,red-breasted-merganser,Red-breasted merganser,Mittelsäger,Serreta mediana,Harle huppé,Mergus serrator,Anseriformes|Anatidae,birds,"birds, ducks"
microtus-pennsylvanicus,Meadow Vole,khm-20180422-1658-1524401905,meadow-vole,Meadow Vole,Wiesenwühlmaus,Microtus pennsylvanicus,Campagnol des prés,Microtus pennsylvanicus,Rodentia|Cricetidae|Arvicolinae,mammals,"mammals, rodents"
mniotilta-varia,Black-and-White Warbler,khm-20180521-1122-1526887332,black-and-white-warbler,Black-and-White Warbler,Baumläuferwaldsänger,Chipe trepador,Paruline noir et blanc,Mniotilta varia,Passeriformes|Parulidae,birds,"birds, warblers"
molothrus-ater,Brown-headed Cowbird,khm-20190422-1215-1555920956,brown-headed-cowbird,Brown-headed Cowbird,Braunkopf-Kuhstärling,Tordo cabecicafé,Vacher à tête brune,Molothrus ater,Passeriformes|Icteridae,birds,"birds, cowbird"
morus-bassanus,Northern Gannet,khm-20170814-1411-1502705507,northern-gannet,Northern Gannet,Basstölpel,"Alcatraz común, Alcatraz atlántico",Fou de Bassan,Morus bassanus,Suliformes|Sulidae,birds,"birds, shorebirds"
myiarchus-crinitus,Great Crested Flycatcher,khm-20180529-2216-1527617808,great-crested-flycatcher,Great Crested Flycatcher,Schnäppertyrann,Copetón viajero,Tyran huppé,Myiarchus crinitus,Passeriformes|Tyrannidae,birds,"birds, flycatchers"
neovison-vison,American Mink,khm-20180331-1149-1522482553,american-mink,American Mink,Amerikanischer Nerz,Visón americano,Vison d'Amérique,Neovison vison,Carnivora|Mustelidae,mammals,"mammals, weasels"
nycticorax-nycticorax,Black-crowned Night Heron,khm-20170902-2003-1504368223,black-crowned-night-heron,Black-crowned Night Heron,Nachtreiher,Martinete común,Bihoreau gris,Nycticorax nycticorax,Pelecaniformes|Ardeidae,birds,"birds, heron"
nymphalis-antiopa,Mourning Cloak,khm-20140511-1954-1399823681,mourning-cloak,Mourning Cloak,Trauermantel,Nymphalis antiopa,Morio,Nymphalis antiopa,Lepidoptera|Nymphalidae,butterflies,"butterflies, brush-footed"
odocoileus-virginianus,White-tailed Deer,khm-20140712-1844-1405176290,white-tailed-deer,White-tailed Deer,Weisswedelhirsch,"Venado de cola blanca, Ciervo de cola blanca, Ciervo de Virginia, Venado de Virginia, Venado gris","Chevreuil, Chevreuil de Virginie, Cariacou, Cerf de Virginie",Odocoileus virginianus,Artiodactyla|Cervidae|Capreolinae,mammals,"mammals, deers"
ondatra-zibethicus,Muskrat,khm-20170415-2016-1492272966,muskrat,Muskrat,Bisamratte,Rata almizclera,Rat musqué,Ondatra zibethicus,Rodentia|Cricetidae|Arvicolinae,mammals,"mammals, rodents"
oreothlypis-ruficapilla,Nashville Warbler,khm-20180523-1515-1527074102,nashville-warbler,Nashville Warbler,Rubinfleck-Waldsänger,Reinita de Nashville,Paruline à joues grises,Oreothlypis ruficapilla,Passeriformes|Parulidae,birds,"birds, warblers"
pandion-haliaetus,Osprey,khm-20160903-1344-1472895890,osprey,Osprey,Fischadler,Águila pescadora,Balbuzard pêcheur,Pandion haliaetus,Accipitriformes|Pandionidae,birds,"birds, raptors"
papilio-cresphontes,Giant Swallowtail,khm-20150823-1953-1440345185,giant-swallowtail,Giant Swallowtail,Großer Schwalbenschwanz,Papilio cresphontes,Grand porte-queue,Papilio cresphontes,Lepidoptera|Papilionidae,butterflies,"butterflies, swallowtails"
passer-domesticus,House Sparrow,khm-20210508-1727-1620480443,house-sparrow,House Sparrow,Haussperling,Gorrión común,Moineau domestique,Passer domesticus,Passeriformes|Passeridae,birds,"birds, sparrows"
passerella-iliaca,Fox Sparrow,khm-20181104-1852-1541339574,fox-sparrow,Fox Sparrow,Fuchsammer,Chingolo zorruno,Bruant fauve,Passerella iliaca,Passeriformes|Passerellidae,birds,"birds, sparrows"
passerina-cyanea,Indigo Bunting,khm-20170722-1429-1500719379,indigo-bunting,Indigo Bunting,Indigofink,Azulejo índigo,Passerin indigo,Passerina cyanea,Passeriformes|Cardinalidae,birds,"birds, indigo"
phalacrocorax-auritus,Double-Crested Cormorant,khm-20150808-1944-1439048694,double-crested-cormorant,Double-Crested Cormorant,Ohrenscharbe,Cormorán orejudo,Cormoran à aigrettes,Phalacrocorax auritus,Suliformes|Phalacrocoracidae,birds,"birds, shorebirds"
phoca-vitulina,Harbor Seal,khm-20180523-1935-1527089743,harbor-seal,Harbor Seal,Seehund,Foca común,Phoque commun,Phoca vitulina,Carnivora|Phocidae,mammals,"marine mammals, seals"
picoides-pubescens,Downy Woodpecker,khm-20160304-2008-1457104120,downy-woodpecker,Downy Woodpecker,Dunenspecht,Pico pubescente,Pic mineur,Picoides pubescens,Piciformes|Picidae,birds,"birds, woodpeckers"
picoides-villosus,Hairy Woodpecker,khm-20160306-2003-1457276629,hairy-woodpecker,Hairy Woodpecker,Haarspecht,Pico velloso,Pic chevelu,Picoides villosus,Piciformes|Picidae,birds,"birds, woodpeckers"
pieris-rapae,Cabbage White,khm-20130929-1750-1380462600,cabbage-white,Cabbage White,Kleiner Kohlweißling,Blanquita de la col,Piéride de la rave,Pieris rapae,Lepidoptera|Pieridae,butterflies,"butterflies, whites"
pinicola-enucleator,Pine Grosbeak,khm-20170812-1646-1502542001,pine-grosbeak,Pine Grosbeak,Hakengimpel,Camachuelo picogrueso,Durbec des sapins,Pinicola enucleator,Passeriformes|Fringillidae,birds,"birds, grosbeak"
podilymbus-podiceps,Pied-billed Grebe,khm-20190707-1809-1562508571,pied-billed-grebe,Pied-billed Grebe,Bindentaucher,Zampullín de pico grueso,Grèbe à bec bigarré,Podilymbus podiceps,Podicipediformes|Podicipedidae,birds,"birds, ducks"
poecile-atricapillus,Black-capped Chickadee,khm-20150418-1930-1429371053,black-capped-chickadee,Black-capped Chickadee,Schwarzkopfmeise,"Carbonero cabecinegro, Carbonero de capucha negra",Mésange à tête noire,Poecile atricapillus,Passeriformes|Paridae,birds,"birds, chickadee"
polygonia-comma,Eastern Comma,khm-20160417-1430-1460889024,eastern-comma,Eastern Comma,Polygonia Comma,Polygonia Comma,Polygone virgule,Polygonia comma,Lepidoptera|Nymphalidae,butterflies,"butterflies, brush-footed"
polyommattus-icarus,European Common Blue,khm-20180922-1920-1537629617,european-common-blue,European Common Blue,Hauhechel-Bläuling,Mariposa ícaro,Argus bleu,Polyommattus icarus,Lepidoptera|Lycaenidae,butterflies,"butterflies, gossamer-winged"
procyon-lotor,Raccoon,khm-20140412-2000-1397318459,raccoon,Raccoon,Waschbär,"Mapache boreal, Racuna",Raton laveur,Procyon lotor,Carnivora|Procyonidae,mammals,"mammals, raccoons"
quiscalus-quiscula,Common Grackle,khm-20170527-1735-1495892135,common-grackle,Common Grackle,Purpur-Grackel,Zanate norteño,Quiscale bronzé,Quiscalus quiscula,Passeriformes|Icteridae,birds,"birds, grackle"
rana-catesbeiana,American Bullfrog,khm-20190624-1612-0000104643,american-bullfrog,American Bullfrog,Nordamerikanische Ochsenfrosch,Rana toro,"Ouaouaron, Grenouille-taureau",Rana Catesbeiana,Anura|Ranidae,amphibians,"amphibians, frogs"
regulus-calendula,Ruby-crowned Kinglet,khm-20180521-1232-1526891539,ruby-crowned-kinglet,Ruby-crowned Kinglet,Rubingoldhähnchen,Reyezuelo rubí,Roitelet à couronne rubis,Regulus calendula,Passeriformes|Regulidae,birds,"birds, kinglets"
regulus-satrapa,Golden-crowned Kinglet,khm-20190413-1749-1555163345,golden-crowned-kinglet,Golden-crowned Kinglet,Indianergoldhähnchen,Reyezuelo de moño dorado,Roitelet à couronne dorée,Regulus satrapa,Passeriformes|Regulidae,birds,"birds, kinglets"
sayornis-phoebe,Eastern Phoebe,khm-20200607-1715-1591535743,eastern-phoebe,Eastern Phoebe,Weißbauch-Phoebetyrann,Mosquero fibí,Moucherolle phébi,Sayornis phoebe,Passeriformes|Tyrannidae,birds,"birds, flycatchers"
sciurus-carolinensis,Eastern Grey Squirrel,khm-20161030-1556-1477828614,eastern-grey-squirrel,Eastern Grey Squirrel,Grauhörnchen,Ardilla de las Carolinas,Écureuil gris,Sciurus carolinensis,Rodentia|Sciuridae,mammals,"mammals, rodents"
setophaga-caerulescens,Black-throated Blue Warbler,khm-20180523-2207-1527098857,black-throated-blue-warbler,Black-throated Blue Warbler,Blaurücken-Waldsänger,Reinita azulada,Paruline bleue,Setophaga caerulescens,Passeriformes|Parulidae,birds,"birds, warblers"
setophaga-coronata,Yellow-rumped Warbler,khm-20180521-1158-1526889533,yellow-rumped-warbler,Yellow-rumped Warbler,Kron-Waldsänger,Reinita coronada,Paruline à croupion jaune,Setophaga coronata,Passeriformes|Parulidae,birds,"birds, warblers"
setophaga-magnolia,Magnolia Warbler,khm-20180521-1129-1526887745,magnolia-warbler,Magnolia Warbler,Magnolien-Waldsänger,Reinita de magnolia,Paruline à tête cendrée,Setophaga magnolia,Passeriformes|Parulidae,birds,"birds, warblers"
setophaga-palmarum,Palm Warbler,khm-20180521-1253-1526892783,palm-warbler,Palm Warbler,Palm-Waldsänger,Reinita palmera,Paruline à couronne rousse,Setophaga palmarum,Passeriformes|Parulidae,birds,"birds, warblers"
setophaga-petechia,American Yellow Warbler,khm-20190707-1652-1562503978,american-yellow-warbler,American Yellow Warbler,Gold-Waldsänger,Reinita amarilla,Paruline jaune,Setophaga petechia,Passeriformes|Parulidae,birds,"birds, warblers"
setophaga-ruticilla,American Redstart,khm-20140511-1941-1399822864,american-redstart,American Redstart,Schnäpperwaldsänger,"Candelita norteña, Pavito migratorio",Paruline flamboyante,Setophaga ruticilla,Passeriformes|Parulidae,birds,"birds, warblers"
setophaga-striata,Blackpoll Warbler,khm-20170527-1727-1495891639,blackpoll-warbler,Blackpoll Warbler,Streifenwaldsänger,Reinita estriada,Paruline rayée,Setophaga striata,Passeriformes|Parulidae,birds,"birds, warblers"
setophaga-tigrina,Cape May Warbler,khm-20180521-1132-1526887958,cape-may-warbler,Cape May Warbler,Tiger-Waldsänger,Reinita atigrada,Paruline tigrée,Setophaga tigrina,Passeriformes|Parulidae,birds,"birds, warblers"
sialia-sialis,Eastern Bluebird,khm-20170722-1203-1500710615,eastern-bluebird,Eastern Bluebird,Rotkehl-Hüttensänger,Azulejo gorjicanelo,Merlebleu de l'Est,Sialia sialis,Passeriformes|Turdidae,birds,"birds, bluebirds"
sitta-canadensis,Red-breasted Nuthatch,khm-20190217-1812-1550409150,red-breasted-nuthatch,Red-breasted Nuthatch,Kanadakleiber,Trepador canadiense,Sittelle à poitrine rousse,Sitta canadensis,Passeriformes|Sittidae,birds,"birds, nuthatches"
sitta-carolinensis,White-breasted Nuthatch,khm-20161211-1820-1481462403,white-breasted-nuthatch,White-breasted Nuthatch,Carolinakleiber,Trepador pechiblanco,Sittelle à poitrine blanche,Sitta carolinensis,Passeriformes|Sittidae,birds,"birds, nuthatches"
somateria-mollissima,Common Eider,khm-20180522-1153-1526975634,common-eider,Common Eider,Eiderente,Eider común,Eider à duvet,Somateria mollissima,Anseriformes|Anatidae,birds,"birds, ducks"
sphyrapicus-varius,Yellow-bellied Sapsucker,khm-20140412-2110-1397322654,yellow-bellied-sapsucker,Yellow-bellied Sapsucker,Gelbbauch-Saftlecker,Chupasavia norteño,Pic maculé,Sphyrapicus varius,Piciformes|Picidae,birds,"birds, woodpeckers"
spinus-tristis,American Goldfinch,khm-20140518-1816-1400422617,american-goldfinch,American Goldfinch,Goldzeisig,Jilguero americano,Chardonneret jaune,Spinus tristis,Passeriformes|Fringillidae,birds,"birds, finches"
spizella-passerina,Chipping Sparrow,khm-20180520-1450-1526813438,chipping-sparrow,Chipping Sparrow,Schwirrammer,Chimbito común,Bruant familier,Spizella passerina,Passeriformes|Passerellidae,birds,"birds, sparrows"
sterna-hirundo,Common Tern,khm-20190608-2137-1560015429,common-tern,Common Tern,Fluss-Seeschwalbe,Charrán común,Sterne pierregarin,Sterna hirundo,Charadriiformes|Laridae,birds,"birds, shorebirds"
storeria-dekayi,DeKay's Brownsnake,khm-20190506-1322-1557134556,dekays-brownsnake,DeKay's Brownsnake,De Kay Braunschlange,Culebra parda De Kay,Couleuvre brune de DeKay,Storeria dekayi,Serpentes|Colubridae,snakes,snakes
sturnus-vulgaris,Common Starling,khm-20160123-2043-1453563813,common-starling,Common Starling,Gemeiner Star,Estornino pinto,Étourneau sansonnet,Sturnus vulgaris,Passeriformes|Sturnidae,birds,"birds, starlings"
sylvilagus-floridanus,Eastern Cottontail Rabbit,khm-20190421-2205-1555869902,eastern-cottontail-rabbit,Eastern Cottontail Rabbit,"Baumwollschwanz-Kaninchen, Florida-Waldkaninchen","Conejo castellano, Conejo de Florida",Lapin à queue blanche,Sylvilagus floridanus,Lagomorpha|Leporidae,mammals,"mammals, rodents"
tachycineta-bicolor,Tree Swallow,khm-20180512-1451-1526122282,tree-swallow,Tree Swallow,Sumpfschwalbe,Golondrina bicolor,Hirondelle bicolore,Tachycineta bicolor,Passeriformes|Hirundinidae,birds,"birds, swallows"
tamias-striatus,Eastern Chipmunk,khm-20170513-1650-1494679823,eastern-chipmunk,Eastern Chipmunk,Streifen-Backenhörnchen,Ardilla listada del Este americano,"Tamia rayé, Suisse",Tamias striatus,Rodentia|Sciuridae,mammals,"mammals, rodents"
tamiasciurus-hudsonicus,American Red Squirrel,khm-20190217-1218-0000109345,american-red-squirrel,American Red Squirrel,Gemeines Rothörnchen,Ardilla roja americana,Écureuil roux,Tamiasciurus hudsonicus,Rodentia|Sciuridae,mammals,"mammals, rodents"
thamnophis-sirtalis,Common Garter Snake,khm-20160417-1513-1460891611,common-garter-snake,Common Garter Snake,Gewöhnliche Strumpfbandnatter,"Serpiente de jarretera, Culebra rayada",Couleuvre rayée,Thamnophis sirtalis,Serpentes|Colubridae,snakes,snakes
thymelicus-lineola,"European Skipper, Essex Skipper",khm-20150718-1738-1437226706,european-skipper,"European Skipper, Essex Skipper",Schwarzkolbiger Braun-Dickkopffalter,Dorada Línea Corta,Hespérie du dactyle,Thymelicus lineola,Lepidoptera|Hesperiidae,butterflies,"butterflies, skippers"
tringa-flavipes,Lesser Yellowlegs,khm-20180525-2113-1527268409,lesser-yellowlegs,Lesser Yellowlegs,Kleiner Gelbschenkel,Pitotoy chico,Petit Chevalier,Tringa flavipes,Charadriiformes|Scolopacidae,birds,"birds, shorebirds"
tringa-melanoleuca,Greater Yellowlegs,khm-20210821-1200-0000090151,greater-yellowlegs,Greater Yellowlegs,Großer Gelbschenkel,"Pitotoy grande, Chorlo mayor de patas amarillas, Archibebe patigualdo grande",Grand Chevalier,Tringa melanoleuca,Charadriiformes|Scolopacidae,birds,"birds, shorebirds"
tringa-solitaria,Solitary Sandpiper,khm-20190511-1640-1557578457,solitary-sandpiper,Solitary Sandpiper,Einsamer Wasserläufer,Andarríos solitario,Chevalier solitaire,Tringa solitaria,Charadriiformes|Scolopacidae,birds,"birds, shorebirds"
turdus-migratorius,American Robin,khm-20160123-2032-1453563123,american-robin,American Robin,Wanderdrossel,Robín americano,Merle d'Amérique,Turdus migratorius,Passeriformes|Turdidae,birds,"birds, robins"
tyrannus-tyrannus,Eastern Kingbird,khm-20180630-1936-1530372994,eastern-kingbird,Eastern Kingbird,Königstyrann,Pitirre americano,Tyran tritri,Tyrannus tyrannus,Passeriformes|Tyrannidae,birds,"birds, flycatchers"
vanessa-cardui,Painted Lady,khm-20170916-1307-1505552850,painted-lady,Painted Lady,Distelfalter,Vanesa de los cardos,"Belle-Dame, Vanesse des chardons",Vanessa cardui,Lepidoptera|Nymphalidae,butterflies,"butterflies, brush-footed"
vireo-gilvus,Warbling Vireo,khm-20180511-2306-1526065602,warbling-vireo,Warbling Vireo,Sängervireo,"Vireo gorjeador, Vireo cantor",Viréo mélodieux,Vireo gilvus,Passeriformes|Vireonidae,birds,"birds, vireos"
vireo-philadelphicus,Philadelphia Vireo,khm-20160903-1456-1472900175,philadelphia-vireo,Philadelphia Vireo,Philadelphiavireo,Vireo de Filadelfia,Viréo de Philadelphie,Vireo philadelphicus,Passeriformes|Vireonidae,birds,"birds, vireos"
vulpes-vulpes,Red Fox,khm-20180512-1351-1526118703,red-fox,Red Fox,Rotfuchs,Zorro Rojo,Renard Roux,Vulpes vulpes,Carnivora|Canidae,mammals,"mammals, canines"
zonotrichia-albicollis,White-throated Sparrow,khm-20170513-1646-1494679594,white-throated-sparrow,White-throated Sparrow,Weißkehlammer,Chingolo gorgiblanco,Bruant à gorge blanche,Zonotrichia albicollis,Passeriformes|Passerellidae,birds,"birds, sparrows"
zonotrichia-leucophrys,White-crowned Sparrow,khm-20180520-1123-1526801027,white-crowned-sparrow,White-crowned Sparrow,Dachsammer,Gorrión corona blanca,Bruant à couronne blanche,Zonotrichia leucophrys,Passeriformes|Passerellidae,birds,"birds, sparrows"